858,A. Henderson Elementary
1502,A.G. Richardson Elementary
1529,A.M. Davis Elementary
285,A.P. Hill Elementary
605,A.S. Rhodes Elementary
396,A.W.E. Bassette Elementary
600,Abb's Valley-Boissevain Elementary
418,Aberdeen Elementary
1239,Abingdon Elementary
1743,Abingdon Elementary
576,Abingdon Elementary
571,Abingdon High
7405,Academy for Discovery at Lakewood
2139,Accawmacke Elementary
3310,Achievable Dream Academy
3311,Achievable Dream Middle/High
1238,Achilles Elementary
1042,Acquinton Elementary
156,Addison Aerospace Magnet Middle
4291,Admiral Richard E. Byrd Middle
1797,Agnor-Hurt Elementary
90,Alanton Elementary
6878,Albemarle County Community Public Charter School
1751,Albemarle High
5274,Albert Harris Elementary
231,Albert Hill Middle
1935,Alberta Smith Elementary
1027,Aldie Elementary
1944,Aldrin Elementary
422,Alfred S. Forrest Elementary
1019,Algonkian Elementary
2682,Alleghany High
1601,Altavista Elementary
1596,Altavista High
1762,Amelia County Elementary
1760,Amelia County High
1761,Amelia County Middle
219,Amelia Street Special Education
1773,Amelon Elementary
1770,Amherst County High
1749,Amherst Elementary
1768,Amherst Middle
661,Andrew G. Wright Middle
1826,Andrew Lewis Middle
1432,Annandale High
1347,Annandale Terrace Elementary
621,Anne E. Moncure Elementary
6026,Anthony Burns Elementary
1128,Anthony P. Mehfoud Elementary
795,Antietam Elementary
584,Appalachia Elementary
1265,Apple Pie Ridge Elementary
1727,Appomattox County High
1724,Appomattox Elementary
1725,Appomattox Middle
1726,Appomattox Primary
1783,Arcadia High
3998,Arcadia Middle
1489,Archer Elementary
6206,Arcola Elementary
3417,Arlington Community High
1995,Arlington Science Focus School
1701,Arlington Traditional
1219,Armel Elementary
441,Armstrong Elementary
1362,Armstrong Elementary
178,Armstrong High
86,Arrowhead Elementary
1972,Arthur Ashe Jr. Elementary
125,Arthur R. Ware Elementary
1021,Ashburn Elementary
670,Ashby Lee Elementary
3164,Ashland Elementary
1703,Ashlawn Elementary
673,Atkins Elementary
1189,Atlee High
2130,Auburn Elementary
983,Auburn High
3903,Auburn Middle
2184,Auburn Middle
7136,Axton Elementary
317,Azalea Gardens Middle
319,B.C. Charles Elementary
1800,B.M. Williams Primary
391,B.T. Washington Middle
777,Back Creek Elementary
1592,Bacon District Elementary
1530,Bailey Bridge Middle
1423,Bailey's Elementary School for the Arts and Sciences
7556,Bailey's Upper Elementary School for the Arts and Sciences
3078,Baker-Butler Elem
1840,Baldwin Elementary
1988,Ball's Bluff Elementary
1028,Banneker Elementary
1733,Barcroft Elementary
1740,Barrett Elementary
428,Barron Elementary
1241,Bass-Hoover Elementary
1103,Bassett High
1675,Bath County High
665,Battlefield Elementary
4008,Battlefield High
645,Battlefield Middle
1145,Battlefield Park Elementary
338,Bay View Elementary
7375,Bayside 6th Grade Campus
109,Bayside Elementary
84,Bayside High
52,Bayside Middle
1205,Baywood Elementary
1185,Beaverdam Elementary
1682,Bedford Elementary
371,Bedford Hills Elementary
1683,Bedford Middle
1694,Bedford Primary
1334,Beech Tree Elementary
836,Bel Air Elementary
732,Belfast Elk Garden Elementary
1168,Belfield Elementary
226,Belle Heth Elementary
1424,Belle View Elementary
238,Bellevue Elementary
1533,Bellwood Elementary
829,Belmont Elementary
3817,Belmont Ridge Middle
3991,Belmont Station Elementary
1439,Belvedere Elementary
986,Belview Elementary
1753,Benjamin F. Yancey Elementary
1254,Benjamin Franklin Middle-East
1253,Benjamin Franklin Middle-West
429,Benjamin Syms Middle
2068,Bennett Elementary
1568,Bensley Elementary
650,Berkeley Elementary
33,Berkeley Glenn Elementary
38,Berkeley Middle
126,Bessie Weller Elementary
2110,Bethel Elementary
438,Bethel High
518,Bethel Manor Elementary
1943,Bettie Weaver Elementary
1549,Beulah Elementary
1713,Beverley Manor Elementary
1714,Beverley Manor Middle
1678,Big Island Elementary
232,Binford Middle
102,Birdneck Elementary
945,Blacksburg High
987,Blacksburg Middle
927,Blackstone Primary
240,Blackwell Elementary
324,Blair Middle
7378,Bland County Elementary
7379,Bland County High
894,Blue Ridge Elementary
992,Blue Ridge Middle
970,Bluestone  High
969,Bluestone Middle
1594,Bon Air Elementary
1311,Bonnie Brae Elementary
2172,Bonsack Elementary
393,Booker Elementary
281,Booker T Washington High
130,Booker T. Washington Elementary
1263,Boones Mill Elementary
1679,Boonsboro Elementary
1236,Botetourt Elementary
1614,Bowling Green Elementary
1544,Boyce Elementary
1371,Braddock Elementary
61,Brandon Middle
1659,Breckinridge Elementary
152,Breckinridge Middle
1410,Bren Mar Park Elementary
821,Brentsville District High
4293,Briar Woods High
4005,Brighton Elementary
2149,Bristow Run Elementary
181,Broad Rock Elementary
1036,Broad Run High
1794,Broadus Wood Elementary
718,Broadway High
657,Brock Road Elementary
1914,Brooke Point High
1340,Brookfield Elementary
1132,Brookland Middle
7127,Brookneal Elementary
1608,Brookville High
1644,Brookville Middle
94,Brookwood Elementary
3996,Brosville Elementary
1757,Brownsville Elementary
1665,Brunswick High
561,Bruton High
1926,Bryant Alternative High
1656,Buchanan Elementary
7226,Buckingham Co Elementary
7227,Buckingham Co Primary
1640,Buckingham County High
1641,Buckingham County Middle
5380,Buckland Mills Elementary
1437,Bucknell Elementary
1718,Buffalo Gap High
7138,Buffalo Trail Elementary
469,Buford Middle
2170,Bull Run Elementary
3163,Bull Run Middle
924,Burkeville Elementary
771,Burlington Elementary
466,Burnley-Moran Elementary
1261,Burnt Chimney Elementary
1434,Bush Hill Elementary
1820,Butts Road Intermediate
1813,Butts Road Primary
1193,Byrd Elementary
440,C. Alton Lindsay Middle
1276,C. Hunter Ritchie Elementary
831,C.A. Sinclair Elementary
1571,C.C. Wells Elementary
840,C.D. Hylton High
1520,C.E. Curtis Elementary
1285,C.M. Bradley Elementary
2679,Callaghan Elementary
1255,Callaway Elementary
1304,Camelot Elementary
10,Camelot Elementary
1428,Cameron Elementary
326,Camp Allen Elementary
1110,Campbell Court Elementary
3160,Campbell Elementary
1319,Canterbury Woods Elementary
686,Capron Elementary
417,Captain John Smith Elementary
1331,Cardinal Forest Elementary
7364,Cardinal Ridge Elementary
1730,Carlin Springs Elementary
1612,Caroline High
1611,Caroline Middle
1582,Carroll County High
1618,Carroll County Middle
1928,Carrollton Elementary
1079,Carrsville Elementary
2144,Carson Middle
407,Carter G. Woodson Middle
2111,Carver College and Career Academy
361,Carver Elementary
1567,Carver Middle
1250,Carysbrook Elementary
1161,Cashell Donahoe Elementary
1706,Cassell Elementary
735,Castlewood Elementary
734,Castlewood High
1033,Catoctin Elementary
786,Cave Spring Elementary
779,Cave Spring High
790,Cave Spring Middle
639,Cedar Bluff Elementary
6538,Cedar Forest Elementary
2178,Cedar Lane Elementary
1277,Cedar Lee Middle
2667,Cedar Point Elementary
2076,Cedar Road Elementary
100,Centerville Elementary
1662,Central Academy Middle
7236,Central Elementary
1772,Central Elementary
752,Central Elementary
1086,Central High
666,Central High
544,Central High
1003,Central High
1589,Central Middle
1270,Centre Ridge Elementary
1946,Centreville Elementary
1448,Centreville High
1140,Chamberlayne Elementary
644,Chancellor Elementary
654,Chancellor High
655,Chancellor Middle
1492,Chantilly High
492,Charles Barrett Elementary
1583,Charles City County Elementary
1584,Charles City County High
7426,Charles J. Colgan, Sr. High
1135,Charles M. Johnson Elementary
472,Charlottesville High
1013,Chase City Elementary
902,Chatham Elementary
915,Chatham High
910,Chatham Middle
1288,Check Elementary
1418,Cherry Run Elementary
1488,Chesterbrook Elementary
337,Chesterfield Academy Elementary
1188,Chickahominy Middle
681,Chilhowie Elementary
674,Chilhowie High
2074,Chilhowie Middle
177,Chimborazo Elementary
1777,Chincoteague Elementary
1786,Chincoteague High
7410,Chris Yung Elementary
943,Christiansburg Elementary
946,Christiansburg High
984,Christiansburg Middle
947,Christiansburg Primary
437,Christopher C. Kraft Elementary
2113,Christopher Farms Elementary
1367,Churchill Road Elementary
262,Churchland Academy Elementary
265,Churchland Elementary
263,Churchland High
261,Churchland Middle
248,Churchland Primary &amp; Intermediate
1711,Churchville Elementary
36,Clara Byrd Baker Elementary
3846,Claremont Immersion
490,Clark Elementary
1542,Clarke County High
972,Clarksville Elementary
1274,Claude Thompson Elementary
1184,Clays Mill Elementary
776,Clearbrook Elementary
1451,Clearview Elementary
1298,Clermont Elementary
2684,Clifton Middle
1511,Clintwood Elementary
1551,Clover Hill Elementary
1540,Clover Hill High
1660,Cloverdale Elementary
6459,Cluster Springs Elementary
7065,Coates Elementary
588,Coeburn Middle
565,Coeburn Primary
1190,Cold Harbor Elementary
302,Coleman Place Elementary
835,Coles Elementary
54,College Park Elementary
1089,Collinsville Primary
3171,Colonial Beach Elementary
3170,Colonial Beach High
1661,Colonial Elementary
2166,Colonial Forge High
475,Colonial Heights High
473,Colonial Heights Middle
6207,Colonial Trail Elementary
1360,Columbia Elementary
3624,Colvin Run Elementary
1621,Concord Elementary
4524,Conway Elementary
2107,Cool Spring Elementary
1020,Cool Spring Elementary
3560,Cool Spring Primary
1382,Cooper Middle
580,Cople Elementary
737,Copper Creek Elementary
494,Cora Kelly Magnet Elementary
1924,Corporate Landing Elementary
2105,Corporate Landing Middle
6098,Cosby High
2670,Cougar Elementary
1624,Council Elementary/Middle
1635,Council High
3820,Countryside Elementary
1963,Courthouse Road Elementary
642,Courtland Elementary
640,Courtland High
514,Coventry Elementary
479,Covington High
266,Cradock Middle
1499,Craig County High
1715,Craigsville Elementary
106,Creeds Elementary
5273,Creekside Elementary
6659,Creighton's Corner Elementary
1123,Crestview Elementary
1524,Crestwood Elementary
1402,Crestwood Elementary
1805,Crestwood Intermediate
21,Crestwood Middle
926,Crewe Primary
1993,Crittenden Middle
800,Critzer Elementary
1313,Crossfield Elementary
303,Crossroads School
1774,Crozet Elementary
192,Crystal Spring Elementary
1320,Cub Run Elementary
6838,Cub Run Elementary
1506,Culpeper County High
1501,Culpeper Middle
1507,Cumberland Elementary
1509,Cumberland High
1510,Cumberland Middle
1332,Cunningham Park Elementary
1497,D.G. Cooley Elementary
40,D.J. Montague Elementary
830,Dale City Elementary
612,Damascus Middle
911,Dan River High
906,Dan River Middle
47,Daniel Morgan Middle
2210,Daniels Run Elementary
516,Dare Elementary
387,David A. Dutrow Elementary
885,David A. Harrison Elementary
7317,David A. Kaechele Elementary
411,Dearington Elementary/Innovation
1802,Deep Creek Central Elementary
18,Deep Creek Elementary
11,Deep Creek High
24,Deep Creek Middle
3154,Deep Run High
2117,Deer Park Elementary
1945,Deer Park Elementary
350,Denbigh High
6298,Diamond Springs Elementary
1474,Dinwiddie County High
1473,Dinwiddie County Middle
1472,Dinwiddie Elementary
7402,Discovery Elementary
7315,Discovery Elementary
368,Discovery STEM Academy
1449,Dogwood Elementary
3816,Dominion High
2118,Dominion Trail Elementary
5294,Donald B. Dixon-Lyle R. Smith Middle
491,Douglas Macarthur Elementary
1124,Douglas S. Freeman High
249,Douglass Park Elementary
1312,Dranesville Elementary
1737,Drew Model Elementary
1109,Drewry Mason Elementary
132,Driver Elementary
1047,Dryden Elementary
810,Dublin Elementary
809,Dublin Middle
1252,Dudley Elementary
635,Dudley Primary
701,Duffield-Pattonsville Primary
1101,Dumbarton Elementary
856,Dumfries Elementary
694,Dungannon Intermediate
403,Dupont Elementary
606,E. Wilson Morrison Elementary
578,E.B. Stanley Middle
369,E.C. Glass High
841,E.H. Marsteller Middle
183,E.S.H. Greene Elementary
2656,Eagle Ridge Middle
1657,Eagle Rock Elementary
5272,Eagle View Elementary
7019,East Rockingham High
1828,East Salem Elementary
1228,Eastern Elementary/Middle
7112,Eastern Montgomery Elementary
2218,Eastern Montgomery High
6441,Eastern View High
589,Eastside High
2187,Echo Lake Elementary
1545,Ecoff Elementary
478,Edgemont Primary
1390,Edison High
658,Edward E. Drew Jr. Middle
1992,Edward G. Clymore Elementary
1215,Edward W. Wyatt Middle
7322,Edwin A. Gibson Elementary
1801,Edwin W. Chittum Elementary
134,Elephant's Fork Elementary
182,Elizabeth D. Redd Elementary
6599,Elizabeth Davis Middle
1099,Elizabeth Holladay Elementary
6438,Elizabeth Scott Elementary
826,Elizabeth Vaughan Elementary
1051,Elk Knob Elementary
7416,Elkhardt Thompson Middle
6208,Elko Middle
759,Elkton Elementary
720,Elkton Middle
1150,Elmont Elementary
1771,Elon Elementary
1058,Elydale Elementary
2114,Emerald Hill Elementary
1035,Emerick Elementary
508,Enderly Heights Elementary
1564,Enon Elementary
848,Enterprise Elementary
1515,Ervinton Elementary
1476,Essex High
1477,Essex Intermediate
320,Ethel M. Gildersleeve Middle
1560,Ettrick Elementary
1587,Eureka Elementary
5314,Evendale Elementary
1557,Evergreen Elementary
2138,Evergreen Mill Elementary
511,F.W. Kling Jr. Elementary
1115,Fair Oaks Elementary
1446,Fairfax County Adult High
1479,Fairfax High
1358,Fairfax Villa Elementary
214,Fairfield Court Elementary
60,Fairfield Elementary
747,Fairfield Elementary
1133,Fairfield Middle
1323,Fairhill Elementary
316,Fairlawn Elementary
1454,Fairview Elementary
1206,Fairview Elementary
168,Fairview Elementary
982,Falling Branch Elementary
1526,Falling Creek Elementary
1534,Falling Creek Middle
194,Fallon Park Elementary
1372,Falls Church High
623,Falmouth Elementary
1577,Fancy Gap Elementary
6883,Fannie W. Fitzgerald Elementary
1505,Farmington Elementary
1987,Farmwell Station Middle
1282,Fauquier High
863,Featherstone Elementary
1262,Ferrum Elementary
619,Ferry Farm Elementary
1111,Fieldale-Collinsville Middle
92,First Colonial High
165,Fishburn Park Elementary
6918,Flat Rock Elementary
1055,Flatwoods Elementary
1442,Flint Hill Elementary
1394,Floris Elementary
1242,Floyd County High
1289,Floyd Elementary
75,Floyd Kellam High
3077,Floyd T. Binns Middle
1245,Fluvanna County High
1243,Fluvanna Middle
1485,Forest Edge Elementary
1684,Forest Elementary
144,Forest Glen Middle
3165,Forest Grove Elementary
481,Forest Hills Elementary
1695,Forest Middle
2226,Forest Park High
1356,Forestdale Elementary
1461,Forestville Elementary
2146,Fort Belvoir Elementary
7555,Fort Belvoir Upper School
695,Fort Blackmore Primary
558,Fort Chiswell High
3072,Fort Chiswell Middle
1719,Fort Defiance High
1303,Fort Hunt Elementary
768,Fort Lewis Elementary
1463,Fox Mill Elementary
3819,Frances Hazel Reid Elementary
462,Francis Asbury Elementary
7396,Francis C. Hammond Middle
1732,Francis Scott Key Elementary
1457,Franconia Elementary
147,Frank W. Cox High
1260,Franklin County High
4,Franklin High
1467,Franklin Middle
210,Franklin Military Academy
820,Fred M. Lynn Middle
1225,Frederick County Middle
7164,Frederick Douglass Elementary
48,Frederick Douglass Elementary
4010,Freedom High
4292,Freedom High
1419,Freedom Hill Elementary
3838,Freedom Middle
6498,Fries School
1352,Frost Middle
722,Fulks Run Elementary
1807,G.A. Treakle Elementary
184,G.H. Reid Elementary
442,G.L.H. Johnson Elementary
1825,G.W. Carver Elementary
1108,G.W. Carver Elementary
1221,Gainesboro Elementary
6238,Gainesville Middle
458,Galax Elementary
460,Galax High
461,Galax Middle
3075,Galileo Magnet High
838,Gar-Field High
157,Garden City Elementary
1429,Garfield Elementary
45,Garland R. Quarles Elementary
662,Garrisonville Elementary
702,Gate City High
703,Gate City Middle
1164,Gayton Elementary
3845,General Stanford Elementary
1836,George Carr Round Elementary
1129,George F. Baker Elementary
832,George G. Tyler Elementary
1122,George H. Moody Middle
388,George J. McIntosh Elementary
833,George M. Hampton Middle
220,George Mason Elementary
538,George Mason Elementary
452,George Mason High
796,George P. Mullen Elementary
7109,George P. Phenix Elementary
197,George W. Carver Elementary
8,George W. Carver Intermediate
960,George W. Watkins Elementary
444,George Washington High
7395,George Washington Middle
554,George Wythe High
217,George Wythe High
1816,Georgetown Primary
1951,Georgie D. Tyler Middle
2104,Gereau Center for Applied Technology &amp; Career Exploration
327,Ghent K-8
944,Gilbert Linkous Elementary
1232,Giles High
243,Ginter Park Elementary
736,Givens Elementary
1257,Glade Hill Elementary
577,Glade Spring Middle
1574,Gladesboro Elementary
1580,Gladeville Elementary
1380,Glasgow Middle
1731,Glebe Elementary
1154,Glen Allen Elementary
7096,Glen Allen High
743,Glen Cove Elementary
1413,Glen Forest Elementary
1121,Glen Lea Elementary
4945,Glenkirk Elementary
781,Glenvar Elementary
789,Glenvar High
2081,Glenvar Middle
68,Glenwood Elementary
1240,Gloucester High
1197,Goochland Elementary
1194,Goochland High
1196,Goochland Middle
2208,Goodview Elementary
933,Gordon-Barbour Elementary
1837,Grace E. Metz Middle
1275,Grace Miller Elementary
515,Grafton Bethel Elementary
2069,Grafton High
2070,Grafton Middle
622,Grafton Village Elementary
597,Graham High
598,Graham Intermediate
632,Graham Middle
819,Graham Park Middle
1422,Graham Road Elementary
341,Granby Elementary
340,Granby High
158,Grandin Court Elementary
1552,Grange Hall Elementary
3813,Grassfield Elementary
6202,Grassfield High
1202,Grayson County High
7070,Grayson Highlands School
13,Great Bridge High
1819,Great Bridge Intermediate
22,Great Bridge Middle
1804,Great Bridge Primary
1425,Great Falls Elementary
99,Great Neck Middle
7319,Green Run Collegiate
59,Green Run Elementary
145,Green Run High
788,Green Valley Elementary
1295,Greenbriar East Elementary
1359,Greenbriar West Elementary
468,Greenbrier Elementary
1821,Greenbrier Intermediate
2228,Greenbrier Middle
15,Greenbrier Primary
590,Greendale Elementary
2231,Greenfield Elementary
1547,Greenfield Elementary
1191,Greensville County High
2156,Greensville Elementary
6881,Greenville Elementary
4001,Greenwood Elementary
7078,Greenwood Mill Elementary
899,Gretna Elementary
913,Gretna High
900,Gretna Middle
1459,Groveton Elementary
1634,Grundy High
1034,Guilford Elementary
1436,Gunston Elementary
1961,Gunston Middle
2171,Guy K. Stump Elementary
1994,H.H. Poole Middle
1287,H.M. Pearson Elementary
1169,Halifax County High
1176,Halifax County Middle
1999,Halley Elementary
1023,Hamilton Elementary
1041,Hamilton Holmes Middle
424,Hampton High
625,Hampton Oaks Elementary
3605,Hanover High
893,Hardin Reynolds Elementary
978,Harding Avenue Elementary
1080,Hardy Elementary
7142,Harmony Middle
1125,Harold Macon Ratcliffe Elementary
2177,Harper Park Middle
1822,Harrington Waddell Elementary
2671,Harrison Road Elementary
398,Harrisonburg High
1570,Harrowgate Elementary
409,Harry E. James Elementary
620,Hartwood Elementary
6939,Harvie Elementary
1395,Haycock Elementary
1335,Hayfield Elementary
1317,Hayfield Secondary
7374,Haymarket Elementary School
204,Henderson Middle
1091,Henrico High
1142,Henry Clay Elementary
1996,Henry D. Ward Elementary
1251,Henry Elementary
1734,Henry Elementary
860,Herbert J. Saunders Middle
379,Heritage Elementary
2065,Heritage High
413,Heritage High
3169,Heritage High
785,Herman L. Horn Elementary
85,Hermitage Elementary
1097,Hermitage High
1388,Herndon Elementary
1480,Herndon High
1481,Herndon Middle
20,Hickory Elementary
2075,Hickory High
19,Hickory Middle
3083,Hidden Valley High
791,Hidden Valley Middle
365,Hidenwood Elementary
575,High Point Elementary
1073,Highland Elementary
1074,Highland High
150,Highland Park Elementary
1094,Highland Springs Elementary
1165,Highland Springs High
503,Highland View Elementary
2112,Hilda J. Barbour Elementary
6638,Hillpoint Elementary
7430,Hillsboro Charter Academy
2137,Hillside Elementary
1576,Hillsville Elementary
699,Hilton Elementary
356,Hilton Elementary
222,Hodges Manor Elementary
2198,Hoffman-Boston Elementary
91,Holland Elementary
1345,Hollin Meadows Elementary
1789,Hollymead Elementary
7095,Holman Middle
1361,Holmes Middle
574,Holston High
321,Homer L. Hines Middle
716,Honaker Elementary
731,Honaker High
408,Hopewell High
1546,Hopkins Road Elementary
343,Horace H. Epes Elementary
2179,Horizon Elementary
1688,Huddleston Elementary
456,Hugh Mercer Elementary
1460,Hughes Middle
2109,Hugo A. Owens Middle
186,Huguenot High
4000,Hungary Creek Middle
1299,Hunt Valley Elementary
7108,Hunter B. Andrews
1306,Hunters Woods Elementary School for the Arts and Sciences
389,Huntington Middle
1625,Hurley Elementary/Middle
1636,Hurley High
169,Hurt Park Elementary
1309,Hutchison Elementary
3166,Hutchison Farm Elementary
1353,Hybla Valley Elementary
253,I.C. Norcom High
1203,Independence Elementary
1198,Independence Middle
56,Independence Middle
1218,Indian Hollow Elementary
62,Indian Lakes Elementary
1817,Indian River High
1806,Indian River Middle
1266,Indian Valley Elementary
306,Ingleside Elementary
1375,Irving Middle
3625,Island Creek Elementary
7106,J. Blaine Blayton Elementary
724,J. Frank Hillyard Middle
1061,J. Lupton Simpson Middle
7151,J. Michael Lunsford Middle
1523,J.A. Chalkley Elementary
188,J.B. Fisher Elementary
1532,J.B. Watkins Elementary
290,J.E.B. Stuart Elementary
200,J.E.B. Stuart Elementary
884,J.E.J. Moore Middle
1521,J.G. Hening Elementary
283,J.I. Burton High
189,J.L. Francis Elementary
1647,J.M. Bevins Elementary
386,J.M. Dozier Middle
586,J.W. Adams Combined
3783,J.W. Alvey Elementary
6239,JM Langston Focus
1759,Jack Jouett Middle
1092,Jackson Davis Elementary
555,Jackson Memorial Elementary
1433,Jackson Middle
1793,Jackson P. Burley Middle
471,Jackson-Via Elementary
1096,Jacob L. Adams Elementary
1565,Jacobs Road Elementary
342,Jacox Elementary
2212,James G. Brumfield Elementary
267,James Hurst Elementary
499,James K. Polk Elementary
148,James Madison Middle
330,James Monroe Elementary
455,James Monroe High
1931,James River Elementary
1663,James River High
1942,James River High
1666,James S. Russell Middle
1217,James Wood High
1919,James Wood Middle
1748,Jamestown Elementary
2106,Jamestown High
421,Jane H. Bryan Elementary
426,Jefferson Davis Middle
1696,Jefferson Forest High
1736,Jefferson Middle
537,Jefferson-Houston Elementary
1838,Jennie Dean Elementary
480,Jeter-Watson Intermediate
500,John Adams Elementary
423,John B. Cary Elementary
208,John B. Cary Elementary
118,John B. Dey Elementary
2143,John C. Myers Elementary
7219,John Champe High School
142,John F. Kennedy Middle
849,John F. Pattie Sr. Elementary
44,John Handley High
7420,John Kerr Elementary
898,John L. Hurt Elementary
1143,John M. Gandy Elementary
7157,John Marshall Early Childhood Center
216,John Marshall High
229,John N. Dalton Intermediate
1090,John Randolph Tucker High
1114,John Redd Smith Elementary
1162,John Rolfe Middle
572,John S. Battle High
439,John Tyler Elementary
252,John Tyler Elementary
2655,John W. Tolbert Jr. Elementary
725,John W. Wayland Elementary
143,John Yeates Middle
512,Johnson Elementary
1496,Johnson-Williams Middle
2674,Jolliff Middle
1054,Jonesville Middle
352,Joseph H. Saunders Elementary
3809,Joseph P. King Jr. Middle
1758,Joseph T. Henley Middle
507,Joseph Van Pelt Elementary
997,Jouett Elementary
32,Kate Collins Middle
3076,Kate Waller Barrett Elementary
427,Kecoughtan High
1387,Keene Mill Elementary
1788,Kegotank Elementary
400,Keister Elementary
76,Kempsville Elementary
93,Kempsville High
122,Kempsville Meadows Elementary
50,Kempsville Middle
1001,Kenbridge Elementary
1704,Kenmore Middle
7086,Kenneth W.Culbert Elementary
1414,Kent Gardens Elementary
912,Kentuck Elementary
844,Kerrydale Elementary
5252,Kersey Creek Elementary
6880,Kettle Run High
1302,Key Center School
1301,Key Middle
136,Kilby Shores Elementary
1338,Kilmer Center
1337,Kilmer Middle
322,Kiln Creek Elementary
1085,King &amp; Queen Elementary
1083,King George Elementary
1084,King George High
1081,King George Middle
1088,King William High
3788,King's Fork High
2673,King's Fork Middle
123,King's Grant Elementary
1300,Kings Glen Elementary
1355,Kings Park Elementary
89,Kingston Elementary
1952,Kipps Elementary
1934,Kiptopeke Elementary
7529,Kyle R. Wilson Elementary School
2116,L. Douglas Wilder Middle
587,L.F. Addington Middle
346,L.F. Palmer Elementary
883,L.L. Beazley Elementary
974,LaCrosse Elementary
1126,Laburnum Elementary
760,Lacey Spring Elementary
41,Lafayette High
4462,Lafayette Upper Elementary
1366,Lake Anne Elementary
1487,Lake Braddock Secondary
853,Lake Ridge Elementary
816,Lake Ridge Middle
277,Lake Taylor High
273,Lake Taylor Middle
139,Lakeland High
1120,Lakeside Elementary
224,Lakeview Elementary
476,Lakeview Elementary
1043,Lancaster High
1044,Lancaster Middle
1045,Lancaster Primary
49,Landstown Elementary
2662,Landstown High
73,Landstown Middle
1998,Lane Elementary
1357,Langley High
1374,Lanier Middle
336,Larchmont Elementary
1955,Larkspur Middle
310,Larrymore Elementary
1575,Laurel Elementary
7066,Laurel Hill Elementary
6619,Laurel Meadow Elementary
1065,Laurel Park Middle
1308,Laurel Ridge Elementary
1087,Lawson-Marriott Elementary
730,Lebanon Elementary
726,Lebanon High
4289,Lebanon Middle
729,Lebanon Primary
1146,Lee Davis High
362,Lee Hall Elementary
1050,Lee High
1417,Lee High
643,Lee Hill Elementary
1256,Lee M. Waid Elementary
2064,Lee-Jackson Elementary
1296,Lees Corner Elementary
1015,Leesburg Elementary
1605,Leesville Road Elementary
2067,Leesylvania Elementary
4295,Legacy Elementary
1396,Lemon Road Elementary
604,Leslie Fox Keyser Elementary
1790,Leslie H. Walton Middle
6879,Lewis &amp; Clark Elementary
6660,Liberty Elementary
1691,Liberty High
1950,Liberty High
3070,Liberty Middle
1152,Liberty Middle
929,Lightfoot Elementary
1024,Lincoln Elementary
161,Lincoln Terrace Elementary
299,Lindenwood Elementary
115,Linkhorn Park Elementary
377,Linkhorne Elementary
376,Linkhorne Middle
758,Linville-Edom Elementary
2162,Linwood Holton Elementary
311,Little Creek Elementary
2216,Little River Elementary
1351,Little Run Elementary
651,Livingston Elementary
1593,Lloyd C. Bird High
864,Loch Lomond Elementary
928,Locust Grove Elementary
3603,Locust Grove Middle
7155,Locust Grove Primary School
7135,Lois Hornsby Middle
1294,London Towne Elementary
1700,Long Branch Elementary
1157,Longdale Elementary
1378,Longfellow Middle
1664,Lord Botetourt High
3626,Lorton Station Elementary
1029,Loudoun County High
1030,Loudoun Valley High
994,Louisa County High
993,Louisa County Middle
2225,Louise A. Benton Middle
991,Lovettsville Elementary
2119,Lowes Island Elementary
2128,Lucille M. Brown Middle
1018,Lucketts Elementary
999,Lunenburg Middle
940,Luray Elementary
936,Luray High
7064,Luray Middle
2002,Luther P. Jackson Middle
395,Luther W. Machen Elementary
77,Luxford Elementary
1823,Lylburn Downing Middle
536,Lyles-Crouch Elementary
1404,Lynbrook Elementary
83,Lynnhaven Elementary
55,Lynnhaven Middle
2136,Mack Benn Jr. Elementary
1230,Macy Mcclaugherty Elementary/Middle
1006,Madison County High
1615,Madison Elementary
1765,Madison Heights Elementary
1368,Madison High
1008,Madison Primary
7431,Madison's Trust Elementary
1104,Magna Vista High
560,Magruder Elementary
81,Malibu Elementary
1844,Manassas Park Elementary
1842,Manassas Park High
1843,Manassas Park Middle
1531,Manchester High
1527,Manchester Middle
1385,Mantua Elementary
989,Margaret Beeks Elementary
3990,Margaret Brent Elementary
1278,Margaret M. Pierce Elementary
1978,Marguerite F. Christian Elementary
679,Marion Elementary
676,Marion Middle
678,Marion Senior High
1392,Marshall High
1272,Marshall Middle
1383,Marshall Road Elementary
852,Martin Luther King Jr. Elementary
196,Martin Luther King Jr. Middle
385,Martinsville High
380,Martinsville Middle
825,Marumsco Hills Elementary
318,Mary Calcott Elementary School
1792,Mary Carr Greer Elementary
453,Mary Ellen Henderson Middle
6058,Mary G. Porter Traditional
207,Mary Munford Elementary
2649,Mary Passage Middle
1273,Mary Walter Elementary
4012,Mary Williams Elementary
7229,Mason Crest Elementary
784,Mason's Cove Elementary
2160,Massaponax High
1011,Mathews High
1562,Matoaca Elementary
1522,Matoaca High
1548,Matoaca Middle
6119,Matoaka Elementary
323,Matthew Fontaine Maury High
34,Matthew Whaley Elementary
1131,Maude Trevvett Elementary
535,Maury Elementary
754,Maury River Middle School
549,Max Meadows Elementary
1136,Maybeury Elementary
4965,Mayfield Intermediate
1498,McCleary Elementary
763,McGaheysville Elementary
227,McHarg Elementary
1745,McKinley Elementary
1397,McLean High
2658,McNair Elementary
1525,Meadowbrook High
1040,Meadowland Elementary
891,Meadows of Dan Elementary
611,Meadowview Elementary
1183,Meadville Elementary
1149,Mechanicsville Elementary
2668,Meherrin Elementary
1667,Meherrin Powellton Elementary
366,Menchville High
3992,Mercer Middle
1799,Meriwether Lewis Elementary
2140,Metompkin Elementary
7373,Middleburg Community Charter
3068,Middlesex Elementary
975,Middlesex High
1220,Middletown Elementary
1558,Midlothian High
1595,Midlothian Middle
1471,Midway Elementary
2163,Miles Jones Elementary
2217,Mill Run Elementary
1674,Millboro Elementary
3606,Millbrook High
1163,Mills E. Godwin High
889,Minnieville Elementary
1555,Monacan High
1763,Monelison Middle
1687,Moneta Elementary
798,Montclair Elementary
164,Monterey Elementary
717,Montevideo Middle
2127,Monticello High
1116,Montrose Elementary
581,Montross Middle
1680,Montvale Elementary
7316,Moorefield Station Elementary
195,Morningside Elementary
1941,Mortimer Y. Sutherland Middle
1350,Mosby Woods Elementary
7113,Moss-Nuckols Elementary
868,Mount Airy Elementary
450,Mount Daniel School
1420,Mount Eagle Elementary
4017,Mount Olivet Elementary
775,Mount Pleasant Elementary
533,Mount Vernon Elementary
539,Mount Vernon Elementary
1465,Mount Vernon High
1325,Mount Vernon Woods Elementary
2000,Mountain View Alternative High
2241,Mountain View Elementary
3818,Mountain View Elementary
782,Mountain View Elementary
1981,Mountain View Elementary
2661,Mountain View Elementary
748,Mountain View Elementary
4320,Mountain View High
1752,Murray High
879,N.B. Clements Junior High
1775,Nandua High
3997,Nandua Middle
135,Nansemond Parkway Elementary
137,Nansemond River High
1231,Narrows Elementary/Middle
1234,Narrows High
1211,Nathanael Greene Elementary
1210,Nathanael Greene Primary School
750,Natural Bridge Elementary
1398,Navy Elementary
839,Neabsco Elementary
955,Nelson County High
956,Nelson Middle
2169,New Castle Elementary
957,New Kent Elementary
958,New Kent High
959,New Kent Middle
1685,New London Academy Elementary
1443,Newington Forest Elementary
357,Newsome Park Elementary
4294,Newton-Lee Elementary
53,Newtown Elementary
2165,Ni River Middle
696,Nickelsville Elementary
16,Norfolk Highlands Primary
39,Norge Elementary
881,North Elementary
474,North Elementary
1913,North Fork Middle
58,North Landing Elementary
1707,North River Elementary
1408,North Springfield Elementary
660,North Stafford High
634,North Tazewell Elementary
942,Northampton High
7321,Northampton Middle
2080,Northern Shores Elementary
783,Northside High
296,Northside Middle
742,Northside Middle
2092,Northumberland Elementary
918,Northumberland High
919,Northumberland Middle
672,Northwood High
671,Northwood Middle
284,Norton Elementary
307,Norview Elementary
305,Norview High
304,Norview Middle
1746,Nottingham Elementary
2669,Nottoway Elementary
922,Nottoway High
2006,Nottoway Intermediate
923,Nottoway Middle
2115,Nuckols Farm Elementary
447,O. Trent Bonner Middle
1561,O.B. Gates Elementary
780,Oak Grove Elementary
198,Oak Grove/Bellemeade Elementary
1466,Oak Hill Elementary
2664,Oak Knoll Middle
677,Oak Point Elementary
1297,Oak View Elementary
131,Oakland Elementary
1572,Oakland Elementary
1744,Oakridge Elementary
1494,Oakton Elementary
1333,Oakton High
1933,Occohannock Elementary
855,Occoquan Elementary
69,Ocean Lakes Elementary
1954,Ocean Lakes High
334,Ocean View Elementary
308,Oceanair Elementary
1982,Old Bridge Elementary
103,Old Donation School
1326,Olde Creek Elementary
344,Oliver C. Greenwood Elementary
237,Open High
930,Orange County High
934,Orange Elementary
1469,Orange Hunt Elementary
2206,Orchard View Elementary
1839,Osbourn High
845,Osbourn Park High
9,Oscar F. Smith High
6,Oscar Smith Middle
1690,Otter River Elementary
721,Ottobine Elementary
239,Overby-Sheppard Elementary
1284,P.B. Smith Elementary
300,P.B. Young, Sr. Elementary
941,Page County High
7063,Page County Middle
7415,Page Middle
446,Park Avenue Elementary
624,Park Ridge Elementary
269,Park View Elementary
1064,Park View High
971,Park View High
968,Park View Middle
1393,Parklawn Elementary
2672,Parkside Elementary
818,Parkside Middle
64,Parkway Elementary
510,Parry McCluer High
509,Parry McCluer Middle
404,Patrick Copeland Elementary
896,Patrick County High
5275,Patrick Henry Elementary
534,Patrick Henry Elementary
573,Patrick Henry High
166,Patrick Henry High
1147,Patrick Henry High
7073,Patrick Henry School Of Science And Arts
895,Patrick Springs Elementary
7147,Patriot High
436,Paul Burbank Elementary
1796,Paul H. Cale Elementary
414,Paul Laurence Dunbar Middle for Innovation
374,Paul Munro Elementary
286,Peabody Middle
2675,Peak View Elementary
1500,Pearl Sample Elementary
1148,Pearson's Corner Elementary
1192,Peasley Middle
1127,Pemberton Elementary
80,Pembroke Elementary
97,Pembroke Meadows Elementary
769,Penn Forest Elementary
1049,Pennington Middle
3844,Pennington School
370,Perrymont Elementary
1960,Peter Muhlenberg Middle
292,Petersburg High
1216,Petsworth Elementary
1590,Phenix Elementary
431,Phillips Elementary
463,Phoebus High
1138,Pinchbeck Elementary
1399,Pine Spring Elementary
4947,Pinebrook Elementary
7149,Piney Branch Elementary
138,Pioneer Elementary
756,Plains Elementary
95,Plaza Middle
723,Pleasant Valley Elementary
1764,Pleasant View Elementary
2077,Pocahontas Elementary
3822,Pocahontas Middle
2168,Pocahontas Middle
1376,Poe Middle
74,Point O' View Elementary
2213,Pole Green Elementary
312,Poplar Halls Elementary
1269,Poplar Tree Elementary
1832,Poquoson Elementary
1830,Poquoson High
1831,Poquoson Middle
1833,Poquoson Primary
1809,Portlock Primary
648,Post Oak Middle
1082,Potomac Elementary
2120,Potomac Falls High
850,Potomac High
6025,Potomac Middle
823,Potomac View Elementary
1990,Potowmack Elementary
3627,Powell Elementary
547,Powell Valley Middle
546,Powell Valley Primary
871,Powhatan Elementary
869,Powhatan High
872,Powhatan Junior High
155,Preston Park Elementary
980,Prices Fork Elementary
875,Prince Edward County High
873,Prince Edward Elementary
874,Prince Edward Middle
876,Prince George High
116,Princess Anne Elementary
113,Princess Anne High
57,Princess Anne Middle
931,Prospect Heights Middle
51,Providence Elementary
2211,Providence Elementary
1563,Providence Elementary
1535,Providence Middle
799,Pulaski County Senior High
4014,Pulaski Elementary
805,Pulaski Middle
1787,Pungoteague Elementary
520,Queens Lake Middle
1100,Quioccasin Middle School
862,R. Dean Kilby Elementary
1093,R.C. Longan Elementary
353,R.O. Nelson Elementary
228,Radford High
1705,Randolph Elementary
1195,Randolph Elementary
1591,Randolph-Henry High
812,Rappahannock County Elementary
811,Rappahannock County High
815,Rappahannock High
595,Raven Elementary
1343,Ravensworth Elementary
37,Rawls Byrd Elementary
2071,Read Mountain Middle
1536,Reams Road Elementary
1750,Red Hill Elementary
70,Red Mill Elementary
1668,Red Oak-Sturgeon Elementary
2073,Redbud Run Elementary
17,Rena B. Wright Primary
608,Ressie Jeffries Elementary
613,Rhea Valley Elementary
1069,Rich Acres Elementary
680,Rich Valley Elementary
295,Richard Bowling Elementary
1835,Richard C. Haydon Elementary
349,Richard T. Yates Elementary
637,Richlands Elementary
636,Richlands High
638,Richlands Middle
3195,Richmond Alternative
7345,Richmond Career Education and Employment (Charter School)
202,Richmond Community High
813,Richmond County Elementary
367,Richneck Elementary
1160,Ridge Elementary
7399,Ridgeview High School
7400,Ridgeview Middle School
828,Rippon Middle
7018,River Bend Elementary
3167,River Bend Middle
794,River Oaks Elementary
4002,Riverbend High
690,Riverdale Elementary
1673,Riverheads Elementary
1720,Riverheads High
806,Riverlawn Elementary
3814,Rivers Edge Elementary
359,Riverside Elementary
1293,Riverside Elementary
7377,Riverside High
1965,Riverview Elementary
2659,Riverview Elementary/Middle
153,Roanoke Academy For Mathematics &amp; Science Elementary
1227,Robert E. Aylor Middle
647,Robert E. Lee Elementary
289,Robert E. Lee Elementary
124,Robert E. Lee High
415,Robert S. Payne Elementary
1307,Robinson Secondary
1539,Robious Elementary
1541,Robious Middle
7365,Rock Ridge High
745,Rockbridge County High
2175,Rockfish River Elementary
664,Rockhill Elementary
890,Rockledge Elementary
1264,Rocky Mount Elementary
2219,Rocky Run Elementary
1455,Rocky Run Middle
2220,Rodney E. Thompson Middle
1063,Rolling Ridge Elementary
1339,Rolling Valley Elementary
7163,Ronald Wilson Reagan Middle
6203,Rosa Lee Carter Elementary
5812,Rosa Parks Elementary
1056,Rose Hill Elementary
1411,Rose Hill Elementary
63,Rosemont Elementary
66,Rosemont Forest Elementary
159,Round Hill Elementary
1022,Round Hill Elementary
1095,Ruby F. Carver Elementary
2133,Ruckersville Elementary
1186,Rural Point Elementary
551,Rural Retreat Elementary
552,Rural Retreat High
3073,Rural Retreat Middle
2224,Rustburg Elementary
1598,Rustburg High
6398,Rustburg Middle
697,Rye Cove High
693,Rye Cove Intermediate
1710,S. Gordon Stewart Middle
3,S.P. Morton Elementary
1537,Salem Church Elementary
1538,Salem Church Middle
646,Salem Elementary
65,Salem Elementary
1824,Salem High
67,Salem High
101,Salem Middle
682,Saltville Elementary
6882,Samuel L. Gravely Jr. Elementary
419,Samuel P. Langley Elementary
2221,Samuel W. Tucker Elementary
1342,Sandburg Middle
1989,Sanders Corner Elementary
1518,Sandlick Elementary
1117,Sandston Elementary
378,Sandusky Elementary
375,Sandusky Middle
669,Sandy Hook Elementary
1314,Sangster Elementary
1105,Sanville Elementary
1315,Saratoga Elementary
482,Schoolfield Elementary
3074,Scott Memorial Middle
1179,Scottsburg Elementary
1791,Scottsville Elementary
517,Seaford Elementary
3999,Sealston Elementary
110,Seatack Elementary an Achievable Dream Academy
347,Sedgefield Elementary
2654,Seldens Landing Elementary
1062,Seneca Ridge Middle
1137,Seven Pines Elementary
278,Sewells Point Elementary
1102,Shady Grove Elementary
792,Sharon C. McAuliffe Elementary
2678,Sharon Elementary
981,Shawsville Middle
556,Sheffey Elementary
372,Sheffield Elementary
129,Shelburne Middle
111,Shelton Park Elementary
939,Shenandoah Elementary
1922,Sherando High
1486,Sherman Elementary
309,Sherwood Forest Elementary
6721,Shirley C. Heim Middle
698,Shoemaker Elementary
1158,Short Pump Elementary
1159,Short Pump Middle
1328,Shrevewood Elementary
817,Signal Hill Elementary
709,Signal Knob Middle
1330,Silverbrook Elementary
259,Simonsdale Elementary
6460,Sinai Elementary
1130,Skipwith Elementary
6178,Skyline High
6198,Skyline Middle
1438,Sleepy Hollow Elementary
3993,Smart's Mill Middle
656,Smith Station Elementary
1075,Smithfield High
1076,Smithfield Middle
6200,Smithland Elementary
1259,Snow Creek Elementary
804,Snowville Elementary
2148,Sonnie Penn Elementary
1258,Sontag Elementary
1187,South Anna Elementary
6458,South Boston Elementary
4525,South County High
7228,South County Middle
882,South Elementary
1012,South Hill Elementary
1310,South Lakes High
1958,South River Elementary
1829,South Salem Elementary
185,Southampton Elementary
684,Southampton High
685,Southampton Middle
1,Southeastern Elementary
1495,Southside Elementary
908,Southside Elementary
271,Southside STEM Academy at Campostella
23,Southwestern Elementary
1811,Sparrow Road Intermediate
553,Speedwell Elementary
550,Spiller Elementary
652,Spotswood Elementary
401,Spotswood Elementary
757,Spotswood High
653,Spotsylvania High
649,Spotsylvania Middle
1322,Spring Hill Elementary
2189,Spring Run Elementary
935,Springfield Elementary
1412,Springfield Estates Elementary
2084,Springfield Park Elementary
599,Springville Elementary
857,Springwoods Elementary
1048,St. Charles Elementary
976,St. Clare Walker Middle
276,St. Helena Elementary
1620,St. Paul
541,St. Paul Elementary
616,Stafford Elementary
617,Stafford Middle
659,Stafford Senior High
937,Stanley Elementary
1071,Stanleytown Elementary
1692,Staunton River High
1693,Staunton River Middle
1349,Stenwood Elementary
1031,Sterling Elementary
1038,Sterling Middle
6658,Steuart W. Weller Elementary
1686,Stewartsville Elementary
2215,Stone Bridge High
6205,Stone Hill Middle
1268,Stone Middle
1755,Stone Robinson Elementary
1910,Stone Spring Elementary
2222,Stonehouse Elementary
1222,Stonewall Elementary
504,Stonewall Jackson Elementary
837,Stonewall Jackson High
667,Stonewall Jackson High
1151,Stonewall Jackson Middle
154,Stonewall Jackson Middle
865,Stonewall Middle
914,Stony Mill Elementary
1798,Stony Point Elementary
691,Strasburg High
1346,Stratford Landing Elementary
26,Strawbridge Elementary
892,Stuart Elementary
1369,Stuart High
797,Stuart M. Beville Middle
1716,Stuarts Draft Elementary
1698,Stuarts Draft High
1708,Stuarts Draft Middle
297,Suburban Park Elementary
888,Sudley Elementary
4009,Suella G. Ellis Elementary
7392,Sugar Grove Elementary
1060,Sugarland Elementary
1037,Sully Elementary
1470,Sunnyside Elementary
1453,Sunrise Valley Elementary
626,Surry County High
627,Surry Elementary
7329,Sussex Central Elementary
630,Sussex Central High
7324,Sussex Central Middle
1475,Sutherland Elementary
2666,Swans Creek Elementary
242,Swansboro Elementary
1739,Swanson Middle
1559,Swift Creek Elementary
1554,Swift Creek Middle
733,Swords Creek Elementary
1504,Sycamore Park Elementary
6204,Sycolin Creek Elementary
1177,Sydnor Jennings Elementary
618,T. Benton Gayle Middle
7150,T. Clay Wood Elementary
351,T. Ryland Sanford Elementary
1930,T.C. Miller Elementary for Innovation
498,T.C. Williams High
563,Tabb Elementary
523,Tabb High
519,Tabb Middle
71,Tallwood Elementary
72,Tallwood High
1782,Tangier Combined
328,Tanners Creek Elementary
1478,Tappahannock Elementary
274,Tarrallton Elementary
1747,Taylor Elementary
601,Tazewell Elementary
593,Tazewell High
633,Tazewell Middle
1769,Temperance Elementary
1445,Terra Centre Elementary
1450,Terraset Elementary
117,Thalia Elementary
851,The Nokesville School
1566,Thelma Crenshaw Elementary
205,Thomas C. Boushall Middle
128,Thomas C. McSwain Elementary
1528,Thomas Dale High
432,Thomas Eaton Middle
402,Thomas Harrison Middle
1010,Thomas Hunter Middle
2207,Thomas Jefferson Elementary
454,Thomas Jefferson Elementary
995,Thomas Jefferson Elementary
230,Thomas Jefferson High
1348,Thomas Jefferson High for Science and Technology
1059,Thomas Walker High
1377,Thoreau Middle
1964,Thornburg Middle
121,Thoroughgood Elementary
1153,Three Chopt Elementary
4227,Three Oaks Elementary
7,Thurgood Marshall Elementary
1953,Thurgood Marshall Elementary
272,Tidewater Park Elementary
1400,Timber Lane Elementary
42,Toano Middle
6598,Tomahawk Creek Middle
1646,Tomahawk Elementary
1670,Totaro Elementary
7339,Trailside Middle
82,Trantwood Elementary
996,Trevilians Elementary
861,Triangle Elementary
1658,Troutville Elementary
2132,Truitt Intermediate
1119,Tuckahoe Elementary
1738,Tuckahoe Elementary
1134,Tuckahoe Middle
430,Tucker-Capps Elementary
866,Tunstall High
907,Tunstall Middle
741,Turner Ashby High
7087,Tuscarora High
477,Tussing Elementary
1379,Twain Middle
2214,Twin Hickory Elementary
2072,Twin Springs Elementary
704,Twin Springs High
2660,Twin Valley Elementary/Middle
2705,Twin Valley High
2001,Tye River Elementary
867,Union Hall Elementary
545,Union High
1364,Union Mill Elementary
932,Unionville Elementary
1676,Valley Elementary
570,Valley Institute Elementary
1118,Varina Elementary
1139,Varina High
513,Venable Elementary
1722,Verona Elementary
998,Victoria Elementary
5379,Victory Elementary
4946,Victory Elementary
1490,Vienna Elementary
43,Virginia Avenue Charlotte Dehart Elementary
105,Virginia Beach Middle
172,Virginia Heights Elementary
505,Virginia High
1754,Virginia L. Murray Elementary
501,Virginia Middle
1291,Virginia Run Elementary
1280,W.C. Taylor Middle
770,W.E. Cundiff Elementary
1286,W.G. Coleman Elementary
104,W.T. Cooke Elementary
1556,W.W. Gordon Elementary
708,W.W. Robinson Elementary
1401,Wakefield Forest Elementary
1699,Wakefield High
470,Walker Upper Elementary
5005,Walker-Grant Middle
567,Wallace Middle
522,Waller Mill Elementary
287,Walnut Hill Elementary
332,Walter Herron Taylor Elementary
1271,Waples Mill Elementary
6118,Warhill High
607,Warren County High
609,Warren County Middle
1279,Warrenton Middle
355,Warwick High
149,Wasena Elementary
579,Washington &amp; Lee High
582,Washington District Elementary
1344,Washington Mill Elementary
1144,Washington-Henry Elementary
506,Washington-Lee Elementary
1729,Washington-Lee High
614,Watauga Elementary
1032,Waterford Elementary
399,Waterman Elementary
1005,Waverly Yowell Elementary
28,Waynesboro High
1370,Waynewood Elementary
700,Weber City Elementary
1834,Weems Elementary
27,Wenonah Elementary
7318,West Central Primary School
822,West Gate Elementary
1846,West Point Elementary
1847,West Point High
2078,West Point Middle
1405,West Potomac High
1827,West Salem Elementary
1354,West Springfield Elementary
1321,West Springfield High
1318,Westbriar Elementary
1795,Western Albemarle High
1818,Western Branch High
1815,Western Branch Intermediate
1810,Western Branch Middle
12,Western Branch Primary
2209,Westfield High
1329,Westgate Elementary
250,Westhaven Elementary
1426,Westlawn Elementary
212,Westover Hills Elementary
793,Westridge Elementary
4290,Westside Elementary
162,Westside Elementary
31,Westwood Hills Elementary
1991,Westwood Middle
1421,Weyanoke Elementary
1464,White Oaks Elementary
146,White Oaks Elementary
1365,Whitman Middle
663,Widewater Elementary
719,Wilbur S. Pence Middle
2161,Wilderness Elementary
294,Willard Model Elementary
880,William A. Walton Elementary
766,William Byrd High
772,William Byrd Middle
1599,William Campbell High
260,William E. Waters Middle
167,William Fleming High
241,William Fox Elementary
325,William H. Ruffner Middle
1007,William H. Wetsel Middle
416,William M. Bass Elementary
464,William Mason Cooper Elementary
1213,William Monroe High
1212,William Monroe Middle
1971,William Perry Elementary
496,William Ramsay Elementary
78,Williams Elementary
1702,Williamsburg Middle
354,Willis A. Jenkins Elementary
1290,Willis Elementary
279,Willoughby Elementary
1267,Willow Springs Elementary
1717,Wilson Elementary
1723,Wilson Memorial High
4015,Wilson Middle
2103,Winding Creek Elementary
1077,Windsor Elementary
1078,Windsor High
98,Windsor Oaks Elementary
87,Windsor Woods Elementary
6201,Windy Gap Elementary
6439,Winterpock Elementary
548,Wise Primary
1292,Wolftrap Elementary
445,Woodberry Hills Elementary
843,Woodbridge High
824,Woodbridge Middle
1756,Woodbrook Elementary
1431,Woodburn Elementary
7088,Woodgrove High
1462,Woodlawn Elementary
1427,Woodley Hills Elementary
225,Woodrow Wilson High
151,Woodrow Wilson Middle
2066,Woodside High
1389,Woodson High
120,Woodstock Elementary
211,Woodville Elementary
1569,Woolridge Elementary
916,Woolwine Elementary
1607,Yellow Branch Elementary
562,York High
3162,York River Academy
859,Yorkshire Elementary
521,Yorktown Elementary
1742,Yorktown High
564,Yorktown Middle
6440,Yowell Elementary
705,Yuma Elementary
